orderKey,orderName,createdAt,financialStatus,totalPrice,customerEmail,fullName,phone1,phone2,address1,address2,city,state,pinCode,content_and_quantity,invoice_value,courierType,weightKg,awbNumber,trackingCompany,courier_partner,consignment_number,courier_type,weight,shipping_date,expected_delivery_date
bulk_test_0001,#BULK-0001,2026-01-25T10:00:00.000Z,paid,499.00,bulk1@example.com,Customer 1,9000000001,,Address Line 1 - 1,Near Landmark 1,City1,State1,421001,Sample Product x1,499.00,Z- Express,0.1,AWB000000001,DTDC,DTDC,AWB000000001,Z- Express,0.1,2026-01-25T10:00:00.000Z,2026-01-28T10:00:00.000Z
bulk_test_0002,#BULK-0002,2026-01-25T10:00:01.000Z,paid,509.00,bulk2@example.com,Customer 2,9000000002,,Address Line 1 - 2,Near Landmark 2,City2,State2,421002,Sample Product x1,509.00,Z- Express,0.1,AWB000000002,DTDC,DTDC,AWB000000002,Z- Express,0.1,2026-01-25T10:00:01.000Z,2026-01-28T10:00:01.000Z
bulk_test_0003,#BULK-0003,2026-01-25T10:00:02.000Z,paid,519.00,bulk3@example.com,Customer 3,9000000003,,Address Line 1 - 3,Near Landmark 3,City3,State3,421003,Sample Product x1,519.00,Z- Express,0.1,AWB000000003,DTDC,DTDC,AWB000000003,Z- Express,0.1,2026-01-25T10:00:02.000Z,2026-01-28T10:00:02.000Z
bulk_test_0004,#BULK-0004,2026-01-25T10:00:03.000Z,paid,529.00,bulk4@example.com,Customer 4,9000000004,,Address Line 1 - 4,Near Landmark 4,City4,State4,421004,Sample Product x1,529.00,Z- Express,0.1,AWB000000004,DTDC,DTDC,AWB000000004,Z- Express,0.1,2026-01-25T10:00:03.000Z,2026-01-28T10:00:03.000Z
bulk_test_0005,#BULK-0005,2026-01-25T10:00:04.000Z,paid,539.00,bulk5@example.com,Customer 5,9000000005,,Address Line 1 - 5,Near Landmark 5,City5,State5,421005,Z- Express,0.1,AWB000000005,DTDC
bulk_test_0006,#BULK-0006,2026-01-25T10:00:05.000Z,paid,549.00,bulk6@example.com,Customer 6,9000000006,,Address Line 1 - 6,Near Landmark 6,City6,State6,421006,Z- Express,0.1,AWB000000006,DTDC
bulk_test_0007,#BULK-0007,2026-01-25T10:00:06.000Z,paid,559.00,bulk7@example.com,Customer 7,9000000007,,Address Line 1 - 7,Near Landmark 7,City7,State7,421007,Z- Express,0.1,AWB000000007,DTDC
bulk_test_0008,#BULK-0008,2026-01-25T10:00:07.000Z,paid,569.00,bulk8@example.com,Customer 8,9000000008,,Address Line 1 - 8,Near Landmark 8,City8,State8,421008,Z- Express,0.1,AWB000000008,DTDC
bulk_test_0009,#BULK-0009,2026-01-25T10:00:08.000Z,paid,579.00,bulk9@example.com,Customer 9,9000000009,,Address Line 1 - 9,Near Landmark 9,City9,State9,421009,Z- Express,0.1,AWB000000009,DTDC
bulk_test_0010,#BULK-0010,2026-01-25T10:00:09.000Z,paid,589.00,bulk10@example.com,Customer 10,9000000010,,Address Line 1 - 10,Near Landmark 10,City10,State10,421010,Z- Express,0.1,AWB000000010,DTDC
bulk_test_0011,#BULK-0011,2026-01-25T10:00:10.000Z,paid,599.00,bulk11@example.com,Customer 11,9000000011,,Address Line 1 - 11,Near Landmark 11,City11,State11,421011,Z- Express,0.1,AWB000000011,DTDC
bulk_test_0012,#BULK-0012,2026-01-25T10:00:11.000Z,paid,609.00,bulk12@example.com,Customer 12,9000000012,,Address Line 1 - 12,Near Landmark 12,City12,State12,421012,Z- Express,0.1,AWB000000012,DTDC
bulk_test_0013,#BULK-0013,2026-01-25T10:00:12.000Z,paid,619.00,bulk13@example.com,Customer 13,9000000013,,Address Line 1 - 13,Near Landmark 13,City13,State13,421013,Z- Express,0.1,AWB000000013,DTDC
bulk_test_0014,#BULK-0014,2026-01-25T10:00:13.000Z,paid,629.00,bulk14@example.com,Customer 14,9000000014,,Address Line 1 - 14,Near Landmark 14,City14,State14,421014,Z- Express,0.1,AWB000000014,DTDC
bulk_test_0015,#BULK-0015,2026-01-25T10:00:14.000Z,paid,639.00,bulk15@example.com,Customer 15,9000000015,,Address Line 1 - 15,Near Landmark 15,City15,State15,421015,Z- Express,0.1,AWB000000015,DTDC
bulk_test_0016,#BULK-0016,2026-01-25T10:00:15.000Z,paid,649.00,bulk16@example.com,Customer 16,9000000016,,Address Line 1 - 16,Near Landmark 16,City16,State16,421016,Z- Express,0.1,AWB000000016,DTDC
bulk_test_0017,#BULK-0017,2026-01-25T10:00:16.000Z,paid,659.00,bulk17@example.com,Customer 17,9000000017,,Address Line 1 - 17,Near Landmark 17,City17,State17,421017,Z- Express,0.1,AWB000000017,DTDC
bulk_test_0018,#BULK-0018,2026-01-25T10:00:17.000Z,paid,669.00,bulk18@example.com,Customer 18,9000000018,,Address Line 1 - 18,Near Landmark 18,City18,State18,421018,Z- Express,0.1,AWB000000018,DTDC
bulk_test_0019,#BULK-0019,2026-01-25T10:00:18.000Z,paid,679.00,bulk19@example.com,Customer 19,9000000019,,Address Line 1 - 19,Near Landmark 19,City19,State19,421019,Z- Express,0.1,AWB000000019,DTDC
bulk_test_0020,#BULK-0020,2026-01-25T10:00:19.000Z,paid,689.00,bulk20@example.com,Customer 20,9000000020,,Address Line 1 - 20,Near Landmark 20,City20,State20,421020,Z- Express,0.1,AWB000000020,DTDC
bulk_test_0021,#BULK-0021,2026-01-25T10:00:20.000Z,paid,699.00,bulk21@example.com,Customer 21,9000000021,,Address Line 1 - 21,Near Landmark 21,City21,State21,421021,Z- Express,0.1,AWB000000021,DTDC
bulk_test_0022,#BULK-0022,2026-01-25T10:00:21.000Z,paid,709.00,bulk22@example.com,Customer 22,9000000022,,Address Line 1 - 22,Near Landmark 22,City22,State22,421022,Z- Express,0.1,AWB000000022,DTDC
bulk_test_0023,#BULK-0023,2026-01-25T10:00:22.000Z,paid,719.00,bulk23@example.com,Customer 23,9000000023,,Address Line 1 - 23,Near Landmark 23,City23,State23,421023,Z- Express,0.1,AWB000000023,DTDC
bulk_test_0024,#BULK-0024,2026-01-25T10:00:23.000Z,paid,729.00,bulk24@example.com,Customer 24,9000000024,,Address Line 1 - 24,Near Landmark 24,City24,State24,421024,Z- Express,0.1,AWB000000024,DTDC
bulk_test_0025,#BULK-0025,2026-01-25T10:00:24.000Z,paid,739.00,bulk25@example.com,Customer 25,9000000025,,Address Line 1 - 25,Near Landmark 25,City25,State25,421025,Z- Express,0.1,AWB000000025,DTDC
bulk_test_0026,#BULK-0026,2026-01-25T10:00:25.000Z,paid,749.00,bulk26@example.com,Customer 26,9000000026,,Address Line 1 - 26,Near Landmark 26,City26,State26,421026,Z- Express,0.1,AWB000000026,DTDC
bulk_test_0027,#BULK-0027,2026-01-25T10:00:26.000Z,paid,759.00,bulk27@example.com,Customer 27,9000000027,,Address Line 1 - 27,Near Landmark 27,City27,State27,421027,Z- Express,0.1,AWB000000027,DTDC
bulk_test_0028,#BULK-0028,2026-01-25T10:00:27.000Z,paid,769.00,bulk28@example.com,Customer 28,9000000028,,Address Line 1 - 28,Near Landmark 28,City28,State28,421028,Z- Express,0.1,AWB000000028,DTDC
bulk_test_0029,#BULK-0029,2026-01-25T10:00:28.000Z,paid,779.00,bulk29@example.com,Customer 29,9000000029,,Address Line 1 - 29,Near Landmark 29,City29,State29,421029,Z- Express,0.1,AWB000000029,DTDC
bulk_test_0030,#BULK-0030,2026-01-25T10:00:29.000Z,paid,789.00,bulk30@example.com,Customer 30,9000000030,,Address Line 1 - 30,Near Landmark 30,City30,State30,421030,Z- Express,0.1,AWB000000030,DTDC
bulk_test_0031,#BULK-0031,2026-01-25T10:00:30.000Z,paid,799.00,bulk31@example.com,Customer 31,9000000031,,Address Line 1 - 31,Near Landmark 31,City31,State31,421031,Z- Express,0.1,AWB000000031,DTDC
bulk_test_0032,#BULK-0032,2026-01-25T10:00:31.000Z,paid,809.00,bulk32@example.com,Customer 32,9000000032,,Address Line 1 - 32,Near Landmark 32,City32,State32,421032,Z- Express,0.1,AWB000000032,DTDC
bulk_test_0033,#BULK-0033,2026-01-25T10:00:32.000Z,paid,819.00,bulk33@example.com,Customer 33,9000000033,,Address Line 1 - 33,Near Landmark 33,City33,State33,421033,Z- Express,0.1,AWB000000033,DTDC
bulk_test_0034,#BULK-0034,2026-01-25T10:00:33.000Z,paid,829.00,bulk34@example.com,Customer 34,9000000034,,Address Line 1 - 34,Near Landmark 34,City34,State34,421034,Z- Express,0.1,AWB000000034,DTDC
bulk_test_0035,#BULK-0035,2026-01-25T10:00:34.000Z,paid,839.00,bulk35@example.com,Customer 35,9000000035,,Address Line 1 - 35,Near Landmark 35,City35,State35,421035,Z- Express,0.1,AWB000000035,DTDC
bulk_test_0036,#BULK-0036,2026-01-25T10:00:35.000Z,paid,849.00,bulk36@example.com,Customer 36,9000000036,,Address Line 1 - 36,Near Landmark 36,City36,State36,421036,Z- Express,0.1,AWB000000036,DTDC
bulk_test_0037,#BULK-0037,2026-01-25T10:00:36.000Z,paid,859.00,bulk37@example.com,Customer 37,9000000037,,Address Line 1 - 37,Near Landmark 37,City37,State37,421037,Z- Express,0.1,AWB000000037,DTDC
bulk_test_0038,#BULK-0038,2026-01-25T10:00:37.000Z,paid,869.00,bulk38@example.com,Customer 38,9000000038,,Address Line 1 - 38,Near Landmark 38,City38,State38,421038,Z- Express,0.1,AWB000000038,DTDC
bulk_test_0039,#BULK-0039,2026-01-25T10:00:38.000Z,paid,879.00,bulk39@example.com,Customer 39,9000000039,,Address Line 1 - 39,Near Landmark 39,City39,State39,421039,Z- Express,0.1,AWB000000039,DTDC
bulk_test_0040,#BULK-0040,2026-01-25T10:00:39.000Z,paid,889.00,bulk40@example.com,Customer 40,9000000040,,Address Line 1 - 40,Near Landmark 40,City40,State40,421040,Z- Express,0.1,AWB000000040,DTDC
bulk_test_0041,#BULK-0041,2026-01-25T10:00:40.000Z,paid,899.00,bulk41@example.com,Customer 41,9000000041,,Address Line 1 - 41,Near Landmark 41,City41,State41,421041,Z- Express,0.1,AWB000000041,DTDC
bulk_test_0042,#BULK-0042,2026-01-25T10:00:41.000Z,paid,909.00,bulk42@example.com,Customer 42,9000000042,,Address Line 1 - 42,Near Landmark 42,City42,State42,421042,Z- Express,0.1,AWB000000042,DTDC
bulk_test_0043,#BULK-0043,2026-01-25T10:00:42.000Z,paid,919.00,bulk43@example.com,Customer 43,9000000043,,Address Line 1 - 43,Near Landmark 43,City43,State43,421043,Z- Express,0.1,AWB000000043,DTDC
bulk_test_0044,#BULK-0044,2026-01-25T10:00:43.000Z,paid,929.00,bulk44@example.com,Customer 44,9000000044,,Address Line 1 - 44,Near Landmark 44,City44,State44,421044,Z- Express,0.1,AWB000000044,DTDC
bulk_test_0045,#BULK-0045,2026-01-25T10:00:44.000Z,paid,939.00,bulk45@example.com,Customer 45,9000000045,,Address Line 1 - 45,Near Landmark 45,City45,State45,421045,Z- Express,0.1,AWB000000045,DTDC
bulk_test_0046,#BULK-0046,2026-01-25T10:00:45.000Z,paid,949.00,bulk46@example.com,Customer 46,9000000046,,Address Line 1 - 46,Near Landmark 46,City46,State46,421046,Z- Express,0.1,AWB000000046,DTDC
bulk_test_0047,#BULK-0047,2026-01-25T10:00:46.000Z,paid,959.00,bulk47@example.com,Customer 47,9000000047,,Address Line 1 - 47,Near Landmark 47,City47,State47,421047,Z- Express,0.1,AWB000000047,DTDC
bulk_test_0048,#BULK-0048,2026-01-25T10:00:47.000Z,paid,969.00,bulk48@example.com,Customer 48,9000000048,,Address Line 1 - 48,Near Landmark 48,City48,State48,421048,Z- Express,0.1,AWB000000048,DTDC
bulk_test_0049,#BULK-0049,2026-01-25T10:00:48.000Z,paid,979.00,bulk49@example.com,Customer 49,9000000049,,Address Line 1 - 49,Near Landmark 49,City49,State49,421049,Z- Express,0.1,AWB000000049,DTDC
bulk_test_0050,#BULK-0050,2026-01-25T10:00:49.000Z,paid,989.00,bulk50@example.com,Customer 50,9000000050,,Address Line 1 - 50,Near Landmark 50,City50,State50,421050,Z- Express,0.1,AWB000000050,DTDC
